-- THIS IS AN AUTO GENERATED FILE.
-- ANY CHANGES WILL BE REPLACED.
-- GENERATED ON 2011-10-23 18:10:25.077000

USE starexec;
INSERT INTO users (email, first_name, last_name, institution, created, password, verified) VALUES ('tyler-jensen@test.starexec.org', 'Tyler', 'Jensen', 'The University of Iowa', SYSDATE(), 'b109f3bbbc244eb82441917ed06d618b9008dd09b3befd1b5e07394c706a8bb980b1d7785e5976ec049b46df5f1326af5a2ea6d103fd07c95385ffab0cacbc86', 1);
INSERT INTO users (email, first_name, last_name, institution, created, password, verified) VALUES ('clifton-palmer@test.starexec.org', 'Clifton', 'Palmer', 'The University of Iowa', SYSDATE(), 'b109f3bbbc244eb82441917ed06d618b9008dd09b3befd1b5e07394c706a8bb980b1d7785e5976ec049b46df5f1326af5a2ea6d103fd07c95385ffab0cacbc86', 1);
INSERT INTO users (email, first_name, last_name, institution, created, password, verified) VALUES ('aaron-stump@test.starexec.org', 'Aaron', 'Stump', 'The University of Iowa', SYSDATE(), 'b109f3bbbc244eb82441917ed06d618b9008dd09b3befd1b5e07394c706a8bb980b1d7785e5976ec049b46df5f1326af5a2ea6d103fd07c95385ffab0cacbc86', 1);
INSERT INTO users (email, first_name, last_name, institution, created, password, verified) VALUES ('cesare-tinelli@test.starexec.org', 'Cesare', 'Tinelli', 'The University of Iowa', SYSDATE(), 'b109f3bbbc244eb82441917ed06d618b9008dd09b3befd1b5e07394c706a8bb980b1d7785e5976ec049b46df5f1326af5a2ea6d103fd07c95385ffab0cacbc86', 1);
INSERT INTO users (email, first_name, last_name, institution, created, password, verified) VALUES ('todd-elvers@test.starexec.org', 'Todd', 'Elvers', 'The University of Iowa', SYSDATE(), 'b109f3bbbc244eb82441917ed06d618b9008dd09b3befd1b5e07394c706a8bb980b1d7785e5976ec049b46df5f1326af5a2ea6d103fd07c95385ffab0cacbc86', 1);
INSERT INTO users (email, first_name, last_name, institution, created, password, verified) VALUES ('skylar-stark@test.starexec.org', 'Skylar', 'Stark', 'The University of Iowa', SYSDATE(), 'b109f3bbbc244eb82441917ed06d618b9008dd09b3befd1b5e07394c706a8bb980b1d7785e5976ec049b46df5f1326af5a2ea6d103fd07c95385ffab0cacbc86', 1);
INSERT INTO users (email, first_name, last_name, institution, created, password, verified) VALUES ('ruoyu-zhang@test.starexec.org', 'Ruoyu', 'Zhang', 'The University of Iowa', SYSDATE(), 'b109f3bbbc244eb82441917ed06d618b9008dd09b3befd1b5e07394c706a8bb980b1d7785e5976ec049b46df5f1326af5a2ea6d103fd07c95385ffab0cacbc86', 1);
INSERT INTO users (email, first_name, last_name, institution, created, password, verified) VALUES ('detect-sputa@test.starexec.org', 'detect', 'sputa', 'kalmia sample azines', SYSDATE(), 'b109f3bbbc244eb82441917ed06d618b9008dd09b3befd1b5e07394c706a8bb980b1d7785e5976ec049b46df5f1326af5a2ea6d103fd07c95385ffab0cacbc86', 1);
INSERT INTO users (email, first_name, last_name, institution, created, password, verified) VALUES ('tanyard-canted@test.starexec.org', 'tanyard', 'canted', 'enlaces arborize penally', SYSDATE(), 'b109f3bbbc244eb82441917ed06d618b9008dd09b3befd1b5e07394c706a8bb980b1d7785e5976ec049b46df5f1326af5a2ea6d103fd07c95385ffab0cacbc86', 1);
INSERT INTO users (email, first_name, last_name, institution, created, password, verified) VALUES ('guile-unposed@test.starexec.org', 'guile', 'unposed', 'eidolic obverses pusher', SYSDATE(), 'b109f3bbbc244eb82441917ed06d618b9008dd09b3befd1b5e07394c706a8bb980b1d7785e5976ec049b46df5f1326af5a2ea6d103fd07c95385ffab0cacbc86', 1);
INSERT INTO users (email, first_name, last_name, institution, created, password, verified) VALUES ('arecas-citoles@test.starexec.org', 'arecas', 'citoles', 'stibnite scabrous claypan', SYSDATE(), 'b109f3bbbc244eb82441917ed06d618b9008dd09b3befd1b5e07394c706a8bb980b1d7785e5976ec049b46df5f1326af5a2ea6d103fd07c95385ffab0cacbc86', 1);
INSERT INTO users (email, first_name, last_name, institution, created, password, verified) VALUES ('dyvours-floaters@test.starexec.org', 'dyvours', 'floaters', 'boilable porniest craft', SYSDATE(), 'b109f3bbbc244eb82441917ed06d618b9008dd09b3befd1b5e07394c706a8bb980b1d7785e5976ec049b46df5f1326af5a2ea6d103fd07c95385ffab0cacbc86', 1);
INSERT INTO users (email, first_name, last_name, institution, created, password, verified) VALUES ('scuffs-kantars@test.starexec.org', 'scuffs', 'kantars', 'navaid tutelar coumarou', SYSDATE(), 'b109f3bbbc244eb82441917ed06d618b9008dd09b3befd1b5e07394c706a8bb980b1d7785e5976ec049b46df5f1326af5a2ea6d103fd07c95385ffab0cacbc86', 1);
INSERT INTO users (email, first_name, last_name, institution, created, password, verified) VALUES ('aswirl-dispart@test.starexec.org', 'aswirl', 'dispart', 'overdue cardiacs heme', SYSDATE(), 'b109f3bbbc244eb82441917ed06d618b9008dd09b3befd1b5e07394c706a8bb980b1d7785e5976ec049b46df5f1326af5a2ea6d103fd07c95385ffab0cacbc86', 1);
INSERT INTO users (email, first_name, last_name, institution, created, password, verified) VALUES ('miggle-betake@test.starexec.org', 'miggle', 'betake', 'soothers opiated pings', SYSDATE(), 'b109f3bbbc244eb82441917ed06d618b9008dd09b3befd1b5e07394c706a8bb980b1d7785e5976ec049b46df5f1326af5a2ea6d103fd07c95385ffab0cacbc86', 1);
INSERT INTO users (email, first_name, last_name, institution, created, password, verified) VALUES ('coin-restate@test.starexec.org', 'coin', 'restate', 'bankroll tepid robotry', SYSDATE(), 'b109f3bbbc244eb82441917ed06d618b9008dd09b3befd1b5e07394c706a8bb980b1d7785e5976ec049b46df5f1326af5a2ea6d103fd07c95385ffab0cacbc86', 1);
INSERT INTO users (email, first_name, last_name, institution, created, password, verified) VALUES ('boarder-mattered@test.starexec.org', 'boarder', 'mattered', 'varix toggling remounts', SYSDATE(), 'b109f3bbbc244eb82441917ed06d618b9008dd09b3befd1b5e07394c706a8bb980b1d7785e5976ec049b46df5f1326af5a2ea6d103fd07c95385ffab0cacbc86', 1);
INSERT INTO users (email, first_name, last_name, institution, created, password, verified) VALUES ('abeam-welds@test.starexec.org', 'abeam', 'welds', 'frustums requirer viperish', SYSDATE(), 'b109f3bbbc244eb82441917ed06d618b9008dd09b3befd1b5e07394c706a8bb980b1d7785e5976ec049b46df5f1326af5a2ea6d103fd07c95385ffab0cacbc86', 1);
INSERT INTO users (email, first_name, last_name, institution, created, password, verified) VALUES ('testator-dictions@test.starexec.org', 'testator', 'dictions', 'hocking rugate scotia', SYSDATE(), 'b109f3bbbc244eb82441917ed06d618b9008dd09b3befd1b5e07394c706a8bb980b1d7785e5976ec049b46df5f1326af5a2ea6d103fd07c95385ffab0cacbc86', 1);
INSERT INTO users (email, first_name, last_name, institution, created, password, verified) VALUES ('daiquiri-protyles@test.starexec.org', 'daiquiri', 'protyles', 'crow clepe wampuses', SYSDATE(), 'b109f3bbbc244eb82441917ed06d618b9008dd09b3befd1b5e07394c706a8bb980b1d7785e5976ec049b46df5f1326af5a2ea6d103fd07c95385ffab0cacbc86', 1);
INSERT INTO users (email, first_name, last_name, institution, created, password, verified) VALUES ('miskeeps-prurigos@test.starexec.org', 'miskeeps', 'prurigos', 'coddlers romper oestrone', SYSDATE(), 'b109f3bbbc244eb82441917ed06d618b9008dd09b3befd1b5e07394c706a8bb980b1d7785e5976ec049b46df5f1326af5a2ea6d103fd07c95385ffab0cacbc86', 1);
INSERT INTO users (email, first_name, last_name, institution, created, password, verified) VALUES ('foamless-met@test.starexec.org', 'foamless', 'met', 'ignorers going peising', SYSDATE(), 'b109f3bbbc244eb82441917ed06d618b9008dd09b3befd1b5e07394c706a8bb980b1d7785e5976ec049b46df5f1326af5a2ea6d103fd07c95385ffab0cacbc86', 1);
INSERT INTO users (email, first_name, last_name, institution, created, password, verified) VALUES ('wholly-phizes@test.starexec.org', 'wholly', 'phizes', 'nudzhes sucres zareebas', SYSDATE(), 'b109f3bbbc244eb82441917ed06d618b9008dd09b3befd1b5e07394c706a8bb980b1d7785e5976ec049b46df5f1326af5a2ea6d103fd07c95385ffab0cacbc86', 1);
INSERT INTO users (email, first_name, last_name, institution, created, password, verified) VALUES ('stropper-upend@test.starexec.org', 'stropper', 'upend', 'bemixes crabwise bekiss', SYSDATE(), 'b109f3bbbc244eb82441917ed06d618b9008dd09b3befd1b5e07394c706a8bb980b1d7785e5976ec049b46df5f1326af5a2ea6d103fd07c95385ffab0cacbc86', 1);
INSERT INTO users (email, first_name, last_name, institution, created, password, verified) VALUES ('pied-overflow@test.starexec.org', 'pied', 'overflow', 'utopists sphering bossisms', SYSDATE(), 'b109f3bbbc244eb82441917ed06d618b9008dd09b3befd1b5e07394c706a8bb980b1d7785e5976ec049b46df5f1326af5a2ea6d103fd07c95385ffab0cacbc86', 1);
INSERT INTO users (email, first_name, last_name, institution, created, password, verified) VALUES ('ardours-dayroom@test.starexec.org', 'ardours', 'dayroom', 'mimetic uncocked outraged', SYSDATE(), 'b109f3bbbc244eb82441917ed06d618b9008dd09b3befd1b5e07394c706a8bb980b1d7785e5976ec049b46df5f1326af5a2ea6d103fd07c95385ffab0cacbc86', 1);
INSERT INTO users (email, first_name, last_name, institution, created, password, verified) VALUES ('gumless-oilseed@test.starexec.org', 'gumless', 'oilseed', 'iambus streps triethyl', SYSDATE(), 'b109f3bbbc244eb82441917ed06d618b9008dd09b3befd1b5e07394c706a8bb980b1d7785e5976ec049b46df5f1326af5a2ea6d103fd07c95385ffab0cacbc86', 1);
INSERT INTO users (email, first_name, last_name, institution, created, password, verified) VALUES ('apples-smeller@test.starexec.org', 'apples', 'smeller', 'tested pluming townfolk', SYSDATE(), 'b109f3bbbc244eb82441917ed06d618b9008dd09b3befd1b5e07394c706a8bb980b1d7785e5976ec049b46df5f1326af5a2ea6d103fd07c95385ffab0cacbc86', 1);
INSERT INTO users (email, first_name, last_name, institution, created, password, verified) VALUES ('ebony-schtik@test.starexec.org', 'ebony', 'schtik', 'lope ganglia coactor', SYSDATE(), 'b109f3bbbc244eb82441917ed06d618b9008dd09b3befd1b5e07394c706a8bb980b1d7785e5976ec049b46df5f1326af5a2ea6d103fd07c95385ffab0cacbc86', 1);
INSERT INTO users (email, first_name, last_name, institution, created, password, verified) VALUES ('fems-swingmen@test.starexec.org', 'fems', 'swingmen', 'belies overmuch hales', SYSDATE(), 'b109f3bbbc244eb82441917ed06d618b9008dd09b3befd1b5e07394c706a8bb980b1d7785e5976ec049b46df5f1326af5a2ea6d103fd07c95385ffab0cacbc86', 1);
INSERT INTO users (email, first_name, last_name, institution, created, password, verified) VALUES ('shades-argyles@test.starexec.org', 'shades', 'argyles', 'lectured pathos tearless', SYSDATE(), 'b109f3bbbc244eb82441917ed06d618b9008dd09b3befd1b5e07394c706a8bb980b1d7785e5976ec049b46df5f1326af5a2ea6d103fd07c95385ffab0cacbc86', 1);
INSERT INTO users (email, first_name, last_name, institution, created, password, verified) VALUES ('jazzlike-zonules@test.starexec.org', 'jazzlike', 'zonules', 'raindrop toecap skinner', SYSDATE(), 'b109f3bbbc244eb82441917ed06d618b9008dd09b3befd1b5e07394c706a8bb980b1d7785e5976ec049b46df5f1326af5a2ea6d103fd07c95385ffab0cacbc86', 1);
INSERT INTO users (email, first_name, last_name, institution, created, password, verified) VALUES ('cosiest-fecal@test.starexec.org', 'cosiest', 'fecal', 'orometer gogglier tableful', SYSDATE(), 'b109f3bbbc244eb82441917ed06d618b9008dd09b3befd1b5e07394c706a8bb980b1d7785e5976ec049b46df5f1326af5a2ea6d103fd07c95385ffab0cacbc86', 1);
INSERT INTO users (email, first_name, last_name, institution, created, password, verified) VALUES ('occults-magnets@test.starexec.org', 'occults', 'magnets', 'requirer wetland posses', SYSDATE(), 'b109f3bbbc244eb82441917ed06d618b9008dd09b3befd1b5e07394c706a8bb980b1d7785e5976ec049b46df5f1326af5a2ea6d103fd07c95385ffab0cacbc86', 1);
INSERT INTO users (email, first_name, last_name, institution, created, password, verified) VALUES ('inhabits-inhauls@test.starexec.org', 'inhabits', 'inhauls', 'snowing whits bemock', SYSDATE(), 'b109f3bbbc244eb82441917ed06d618b9008dd09b3befd1b5e07394c706a8bb980b1d7785e5976ec049b46df5f1326af5a2ea6d103fd07c95385ffab0cacbc86', 1);
INSERT INTO users (email, first_name, last_name, institution, created, password, verified) VALUES ('fretting-coitally@test.starexec.org', 'fretting', 'coitally', 'scums mange stymie', SYSDATE(), 'b109f3bbbc244eb82441917ed06d618b9008dd09b3befd1b5e07394c706a8bb980b1d7785e5976ec049b46df5f1326af5a2ea6d103fd07c95385ffab0cacbc86', 1);
INSERT INTO users (email, first_name, last_name, institution, created, password, verified) VALUES ('glair-foaming@test.starexec.org', 'glair', 'foaming', 'bioassay sentimo careened', SYSDATE(), 'b109f3bbbc244eb82441917ed06d618b9008dd09b3befd1b5e07394c706a8bb980b1d7785e5976ec049b46df5f1326af5a2ea6d103fd07c95385ffab0cacbc86', 1);
INSERT INTO users (email, first_name, last_name, institution, created, password, verified) VALUES ('condor-lodestar@test.starexec.org', 'condor', 'lodestar', 'languets cryogen yerbas', SYSDATE(), 'b109f3bbbc244eb82441917ed06d618b9008dd09b3befd1b5e07394c706a8bb980b1d7785e5976ec049b46df5f1326af5a2ea6d103fd07c95385ffab0cacbc86', 1);
INSERT INTO users (email, first_name, last_name, institution, created, password, verified) VALUES ('feus-gallon@test.starexec.org', 'feus', 'gallon', 'blueish unhorse dustbins', SYSDATE(), 'b109f3bbbc244eb82441917ed06d618b9008dd09b3befd1b5e07394c706a8bb980b1d7785e5976ec049b46df5f1326af5a2ea6d103fd07c95385ffab0cacbc86', 1);
INSERT INTO users (email, first_name, last_name, institution, created, password, verified) VALUES ('untune-lentos@test.starexec.org', 'untune', 'lentos', 'rubasses reinvent epigeal', SYSDATE(), 'b109f3bbbc244eb82441917ed06d618b9008dd09b3befd1b5e07394c706a8bb980b1d7785e5976ec049b46df5f1326af5a2ea6d103fd07c95385ffab0cacbc86', 1);
INSERT INTO users (email, first_name, last_name, institution, created, password, verified) VALUES ('expels-creasing@test.starexec.org', 'expels', 'creasing', 'cembali metred faulds', SYSDATE(), 'b109f3bbbc244eb82441917ed06d618b9008dd09b3befd1b5e07394c706a8bb980b1d7785e5976ec049b46df5f1326af5a2ea6d103fd07c95385ffab0cacbc86', 1);
INSERT INTO users (email, first_name, last_name, institution, created, password, verified) VALUES ('traplike-prewraps@test.starexec.org', 'traplike', 'prewraps', 'tester midwives spadeful', SYSDATE(), 'b109f3bbbc244eb82441917ed06d618b9008dd09b3befd1b5e07394c706a8bb980b1d7785e5976ec049b46df5f1326af5a2ea6d103fd07c95385ffab0cacbc86', 1);
INSERT INTO users (email, first_name, last_name, institution, created, password, verified) VALUES ('culti-plowers@test.starexec.org', 'culti', 'plowers', 'born eros supples', SYSDATE(), 'b109f3bbbc244eb82441917ed06d618b9008dd09b3befd1b5e07394c706a8bb980b1d7785e5976ec049b46df5f1326af5a2ea6d103fd07c95385ffab0cacbc86', 1);
INSERT INTO users (email, first_name, last_name, institution, created, password, verified) VALUES ('unexotic-prod@test.starexec.org', 'unexotic', 'prod', 'polyenes guess abigails', SYSDATE(), 'b109f3bbbc244eb82441917ed06d618b9008dd09b3befd1b5e07394c706a8bb980b1d7785e5976ec049b46df5f1326af5a2ea6d103fd07c95385ffab0cacbc86', 1);
INSERT INTO users (email, first_name, last_name, institution, created, password, verified) VALUES ('cliquy-untruest@test.starexec.org', 'cliquy', 'untruest', 'filmiest airth maltoses', SYSDATE(), 'b109f3bbbc244eb82441917ed06d618b9008dd09b3befd1b5e07394c706a8bb980b1d7785e5976ec049b46df5f1326af5a2ea6d103fd07c95385ffab0cacbc86', 1);
INSERT INTO users (email, first_name, last_name, institution, created, password, verified) VALUES ('boogying-dyeings@test.starexec.org', 'boogying', 'dyeings', 'fireside outwiled arias', SYSDATE(), 'b109f3bbbc244eb82441917ed06d618b9008dd09b3befd1b5e07394c706a8bb980b1d7785e5976ec049b46df5f1326af5a2ea6d103fd07c95385ffab0cacbc86', 1);
INSERT INTO users (email, first_name, last_name, institution, created, password, verified) VALUES ('attuning-formulae@test.starexec.org', 'attuning', 'formulae', 'lifters cornea inroad', SYSDATE(), 'b109f3bbbc244eb82441917ed06d618b9008dd09b3befd1b5e07394c706a8bb980b1d7785e5976ec049b46df5f1326af5a2ea6d103fd07c95385ffab0cacbc86', 1);
INSERT INTO users (email, first_name, last_name, institution, created, password, verified) VALUES ('swinney-periods@test.starexec.org', 'swinney', 'periods', 'bready hoody bypasses', SYSDATE(), 'b109f3bbbc244eb82441917ed06d618b9008dd09b3befd1b5e07394c706a8bb980b1d7785e5976ec049b46df5f1326af5a2ea6d103fd07c95385ffab0cacbc86', 1);
INSERT INTO users (email, first_name, last_name, institution, created, password, verified) VALUES ('opsonic-honoured@test.starexec.org', 'opsonic', 'honoured', 'roar runtish brinier', SYSDATE(), 'b109f3bbbc244eb82441917ed06d618b9008dd09b3befd1b5e07394c706a8bb980b1d7785e5976ec049b46df5f1326af5a2ea6d103fd07c95385ffab0cacbc86', 1);
INSERT INTO user_roles VALUES('tyler-jensen@test.starexec.org', 'user');
INSERT INTO user_roles VALUES('clifton-palmer@test.starexec.org', 'user');
INSERT INTO user_roles VALUES('aaron-stump@test.starexec.org', 'user');
INSERT INTO user_roles VALUES('cesare-tinelli@test.starexec.org', 'user');
INSERT INTO user_roles VALUES('todd-elvers@test.starexec.org', 'user');
INSERT INTO user_roles VALUES('skylar-stark@test.starexec.org', 'user');
INSERT INTO user_roles VALUES('ruoyu-zhang@test.starexec.org', 'user');
INSERT INTO user_roles VALUES('detect-sputa@test.starexec.org', 'user');
INSERT INTO user_roles VALUES('tanyard-canted@test.starexec.org', 'user');
INSERT INTO user_roles VALUES('guile-unposed@test.starexec.org', 'user');
INSERT INTO user_roles VALUES('arecas-citoles@test.starexec.org', 'user');
INSERT INTO user_roles VALUES('dyvours-floaters@test.starexec.org', 'user');
INSERT INTO user_roles VALUES('scuffs-kantars@test.starexec.org', 'user');
INSERT INTO user_roles VALUES('aswirl-dispart@test.starexec.org', 'user');
INSERT INTO user_roles VALUES('miggle-betake@test.starexec.org', 'user');
INSERT INTO user_roles VALUES('coin-restate@test.starexec.org', 'user');
INSERT INTO user_roles VALUES('boarder-mattered@test.starexec.org', 'user');
INSERT INTO user_roles VALUES('abeam-welds@test.starexec.org', 'user');
INSERT INTO user_roles VALUES('testator-dictions@test.starexec.org', 'user');
INSERT INTO user_roles VALUES('daiquiri-protyles@test.starexec.org', 'user');
INSERT INTO user_roles VALUES('miskeeps-prurigos@test.starexec.org', 'user');
INSERT INTO user_roles VALUES('foamless-met@test.starexec.org', 'user');
INSERT INTO user_roles VALUES('wholly-phizes@test.starexec.org', 'user');
INSERT INTO user_roles VALUES('stropper-upend@test.starexec.org', 'user');
INSERT INTO user_roles VALUES('pied-overflow@test.starexec.org', 'user');
INSERT INTO user_roles VALUES('ardours-dayroom@test.starexec.org', 'user');
INSERT INTO user_roles VALUES('gumless-oilseed@test.starexec.org', 'user');
INSERT INTO user_roles VALUES('apples-smeller@test.starexec.org', 'user');
INSERT INTO user_roles VALUES('ebony-schtik@test.starexec.org', 'user');
INSERT INTO user_roles VALUES('fems-swingmen@test.starexec.org', 'user');
INSERT INTO user_roles VALUES('shades-argyles@test.starexec.org', 'user');
INSERT INTO user_roles VALUES('jazzlike-zonules@test.starexec.org', 'user');
INSERT INTO user_roles VALUES('cosiest-fecal@test.starexec.org', 'user');
INSERT INTO user_roles VALUES('occults-magnets@test.starexec.org', 'user');
INSERT INTO user_roles VALUES('inhabits-inhauls@test.starexec.org', 'user');
INSERT INTO user_roles VALUES('fretting-coitally@test.starexec.org', 'user');
INSERT INTO user_roles VALUES('glair-foaming@test.starexec.org', 'user');
INSERT INTO user_roles VALUES('condor-lodestar@test.starexec.org', 'user');
INSERT INTO user_roles VALUES('feus-gallon@test.starexec.org', 'user');
INSERT INTO user_roles VALUES('untune-lentos@test.starexec.org', 'user');
INSERT INTO user_roles VALUES('expels-creasing@test.starexec.org', 'user');
INSERT INTO user_roles VALUES('traplike-prewraps@test.starexec.org', 'user');
INSERT INTO user_roles VALUES('culti-plowers@test.starexec.org', 'user');
INSERT INTO user_roles VALUES('unexotic-prod@test.starexec.org', 'user');
INSERT INTO user_roles VALUES('cliquy-untruest@test.starexec.org', 'user');
INSERT INTO user_roles VALUES('boogying-dyeings@test.starexec.org', 'user');
INSERT INTO user_roles VALUES('attuning-formulae@test.starexec.org', 'user');
INSERT INTO user_roles VALUES('swinney-periods@test.starexec.org', 'user');
INSERT INTO user_roles VALUES('opsonic-honoured@test.starexec.org', 'user');
INSERT INTO permissions(add_solver, add_bench, add_user, add_space, remove_solver, remove_bench, remove_user, remove_space, is_leader) VALUES (0, 0, 0, 0, 0, 0, 0, 0, 0);
INSERT INTO benchmarks (user_id, name, uploaded, path, description, downloadable) VALUES (32, 'purdah', SYSDATE(), '/starexec/test/benchmark/purdah.bench', 'ptomains spirems minnies eanlings buggies quietest lyric bagasses', 1);
INSERT INTO benchmarks (user_id, name, uploaded, path, description, downloadable) VALUES (35, 'fimbria', SYSDATE(), '/starexec/test/benchmark/fimbria.bench', 'vexils alephs refrozen pukka kainites adjuring banneret empaling', 1);
INSERT INTO benchmarks (user_id, name, uploaded, path, description, downloadable) VALUES (48, 'dumbed', SYSDATE(), '/starexec/test/benchmark/dumbed.bench', 'octonary tainted goldarn ginnings teffs guck fireplug messaged', 1);
INSERT INTO benchmarks (user_id, name, uploaded, path, description, downloadable) VALUES (26, 'deringer', SYSDATE(), '/starexec/test/benchmark/deringer.bench', 'lankier swanpans inverted apeek hobblers rapini unyoke enamor', 1);
INSERT INTO benchmarks (user_id, name, uploaded, path, description, downloadable) VALUES (5, 'nonnews', SYSDATE(), '/starexec/test/benchmark/nonnews.bench', 'weakling incliner sepaled oracles bolshies gross outliver gristly', 1);
INSERT INTO benchmarks (user_id, name, uploaded, path, description, downloadable) VALUES (24, 'upfling', SYSDATE(), '/starexec/test/benchmark/upfling.bench', 'awaits praefect miry pall redware ores renvoi nitric', 1);
INSERT INTO benchmarks (user_id, name, uploaded, path, description, downloadable) VALUES (13, 'taxers', SYSDATE(), '/starexec/test/benchmark/taxers.bench', 'lechered knolled flares truckled argosy quag torula adage', 1);
INSERT INTO benchmarks (user_id, name, uploaded, path, description, downloadable) VALUES (19, 'gimmicks', SYSDATE(), '/starexec/test/benchmark/gimmicks.bench', 'glitzy swipple galax pignut impounds didactic stiller drencher', 1);
INSERT INTO benchmarks (user_id, name, uploaded, path, description, downloadable) VALUES (41, 'define', SYSDATE(), '/starexec/test/benchmark/define.bench', 'ghats depicts mestee aurochs rorqual ringtoss outbark saith', 1);
INSERT INTO solvers (user_id, name, uploaded, path, description, downloadable) VALUES (31, 'chessman', SYSDATE(), '/starexec/test/solver/chessman', 'barrios poise meditate exalted saltie likelier mammals mucky', 1);
INSERT INTO solvers (user_id, name, uploaded, path, description, downloadable) VALUES (4, 'colead', SYSDATE(), '/starexec/test/solver/colead', 'wonton leukoses wholisms bepaint vas crosier sharp fishers', 1);
INSERT INTO solvers (user_id, name, uploaded, path, description, downloadable) VALUES (34, 'sliverer', SYSDATE(), '/starexec/test/solver/sliverer', 'jagras rakeoffs presumed sematic feasance crunodes chetrum playroom', 1);
INSERT INTO solvers (user_id, name, uploaded, path, description, downloadable) VALUES (40, 'posher', SYSDATE(), '/starexec/test/solver/posher', 'craftily seton abortion papacies arboreal wair toadlike quagga', 1);
INSERT INTO solvers (user_id, name, uploaded, path, description, downloadable) VALUES (5, 'bazooka', SYSDATE(), '/starexec/test/solver/bazooka', 'landlady borrowed ticketed gudgeons casini diatoms chantor schools', 1);
INSERT INTO solvers (user_id, name, uploaded, path, description, downloadable) VALUES (45, 'skirling', SYSDATE(), '/starexec/test/solver/skirling', 'fearless machetes shealing cabresta but grassily oribi buqshas', 1);
INSERT INTO solvers (user_id, name, uploaded, path, description, downloadable) VALUES (44, 'bonzer', SYSDATE(), '/starexec/test/solver/bonzer', 'garaged drawl fettling getable apse ousted deodara garbler', 1);
INSERT INTO solvers (user_id, name, uploaded, path, description, downloadable) VALUES (42, 'glazer', SYSDATE(), '/starexec/test/solver/glazer', 'onstage spade awakes amazing baldrics resolves paletot joked', 1);
INSERT INTO solvers (user_id, name, uploaded, path, description, downloadable) VALUES (3, 'paisas', SYSDATE(), '/starexec/test/solver/paisas', 'stanzaed fetes nether chukkar podocarp tepa wetters bubonic', 1);
INSERT INTO solvers (user_id, name, uploaded, path, description, downloadable) VALUES (42, 'schtick', SYSDATE(), '/starexec/test/solver/schtick', 'heroins deforces gnar hogan inurbane nebuly lazarets reward', 1);
INSERT INTO solvers (user_id, name, uploaded, path, description, downloadable) VALUES (42, 'charases', SYSDATE(), '/starexec/test/solver/charases', 'sporal pharoses terminal eloquent nightjar should withins unbowed', 1);
INSERT INTO solvers (user_id, name, uploaded, path, description, downloadable) VALUES (47, 'snapped', SYSDATE(), '/starexec/test/solver/snapped', 'potions chays isogenic diapered toilworn larch tenting serape', 1);
INSERT INTO solvers (user_id, name, uploaded, path, description, downloadable) VALUES (28, 'courts', SYSDATE(), '/starexec/test/solver/courts', 'swathing unfixed gladden albizias wintle lagune mouchoir lulu', 1);
INSERT INTO solvers (user_id, name, uploaded, path, description, downloadable) VALUES (33, 'adjoin', SYSDATE(), '/starexec/test/solver/adjoin', 'cede skipper emanates verdins clubbed gimping highths shedded', 1);
INSERT INTO solvers (user_id, name, uploaded, path, description, downloadable) VALUES (33, 'uglifies', SYSDATE(), '/starexec/test/solver/uglifies', 'solacers reerect airboats baching karoo larky hefters cutinise', 1);
INSERT INTO solvers (user_id, name, uploaded, path, description, downloadable) VALUES (32, 'exert', SYSDATE(), '/starexec/test/solver/exert', 'bammed patagium tearier beriming hugging wauk kabala tartufe', 1);
INSERT INTO solvers (user_id, name, uploaded, path, description, downloadable) VALUES (38, 'sympatry', SYSDATE(), '/starexec/test/solver/sympatry', 'accorder unlaced fices showroom chirpily shadrach vina enigma', 1);
INSERT INTO solvers (user_id, name, uploaded, path, description, downloadable) VALUES (1, 'tarp', SYSDATE(), '/starexec/test/solver/tarp', 'convened handier pothooks purged jocundly remands shrimper ampuls', 1);
INSERT INTO solvers (user_id, name, uploaded, path, description, downloadable) VALUES (31, 'senhoras', SYSDATE(), '/starexec/test/solver/senhoras', 'feat kitchen retack shalier samiels shrieked cesium misprint', 1);
INSERT INTO solvers (user_id, name, uploaded, path, description, downloadable) VALUES (16, 'prawner', SYSDATE(), '/starexec/test/solver/prawner', 'subfloor ambry militias dizygous hived dialysed haggadah soignee', 1);
INSERT INTO solvers (user_id, name, uploaded, path, description, downloadable) VALUES (14, 'seizing', SYSDATE(), '/starexec/test/solver/seizing', 'purdas caning goboes makar misfire cloche transect papillon', 1);
INSERT INTO solvers (user_id, name, uploaded, path, description, downloadable) VALUES (28, 'devolves', SYSDATE(), '/starexec/test/solver/devolves', 'tilings spewing resailed badged flout soothly vestiary redraw', 1);
INSERT INTO solvers (user_id, name, uploaded, path, description, downloadable) VALUES (20, 'allee', SYSDATE(), '/starexec/test/solver/allee', 'pettles lingerer diverges hotrods rassle mushily curlew masseur', 1);
INSERT INTO solvers (user_id, name, uploaded, path, description, downloadable) VALUES (16, 'consort', SYSDATE(), '/starexec/test/solver/consort', 'koshered escapee unmews hardly creased meld notate plunked', 1);
INSERT INTO solvers (user_id, name, uploaded, path, description, downloadable) VALUES (16, 'moisten', SYSDATE(), '/starexec/test/solver/moisten', 'monody ohms grinded oceans pediment reciting rescue thymine', 1);
INSERT INTO solvers (user_id, name, uploaded, path, description, downloadable) VALUES (8, 'pacifies', SYSDATE(), '/starexec/test/solver/pacifies', 'taroks toady betises overplot yare ruffian carburet unais', 1);
INSERT INTO solvers (user_id, name, uploaded, path, description, downloadable) VALUES (28, 'snottier', SYSDATE(), '/starexec/test/solver/snottier', 'overtame mentor snoots boobed nudging mire syphers albizzia', 1);
INSERT INTO solvers (user_id, name, uploaded, path, description, downloadable) VALUES (8, 'swipes', SYSDATE(), '/starexec/test/solver/swipes', 'toddle eolith cutis wo cassocks upboil subbreed solion', 1);
INSERT INTO solvers (user_id, name, uploaded, path, description, downloadable) VALUES (34, 'huarache', SYSDATE(), '/starexec/test/solver/huarache', 'bister mights lipidic pinewood canoes repulse fumet makers', 1);
INSERT INTO solvers (user_id, name, uploaded, path, description, downloadable) VALUES (36, 'upwardly', SYSDATE(), '/starexec/test/solver/upwardly', 'soppiest sapphire cumulus leveller freebee prophesy sixfold wafered', 1);
INSERT INTO solvers (user_id, name, uploaded, path, description, downloadable) VALUES (43, 'lived', SYSDATE(), '/starexec/test/solver/lived', 'westing metonyms bathroom sloppily hangout mailless pangenes shallow', 1);
INSERT INTO solvers (user_id, name, uploaded, path, description, downloadable) VALUES (33, 'ah', SYSDATE(), '/starexec/test/solver/ah', 'jake pollex wartless days hedger comeback rational biologic', 1);
INSERT INTO solvers (user_id, name, uploaded, path, description, downloadable) VALUES (24, 'entozoa', SYSDATE(), '/starexec/test/solver/entozoa', 'testily churner dogdoms nepenthe epode punier iambuses acquaint', 1);
INSERT INTO solvers (user_id, name, uploaded, path, description, downloadable) VALUES (37, 'kinsman', SYSDATE(), '/starexec/test/solver/kinsman', 'achier gabbros wresters evokes canonist tinter krater engrams', 1);
INSERT INTO solvers (user_id, name, uploaded, path, description, downloadable) VALUES (28, 'dynamos', SYSDATE(), '/starexec/test/solver/dynamos', 'steroid trundle scapulae terrace octal blesbuck pasteups subsume', 1);
INSERT INTO spaces(name, created, description, locked, default_permission) VALUES	('root', SYSDATE(), 'this is the root space, the mother of all spaces', 0, 1);
INSERT INTO spaces(name, created, description, locked, default_permission) VALUES	('madden', SYSDATE(), 'playmate cadency mussier vavasour outthrow eeriest duologue dorr sincerer vigilant', 0, 1);
INSERT INTO spaces(name, created, description, locked, default_permission) VALUES	('cognizer', SYSDATE(), 'jaybird evilness comma gondolas pyrolize wardrobe sunsuits mucus assurors kinglike', 0, 1);
INSERT INTO spaces(name, created, description, locked, default_permission) VALUES	('carports', SYSDATE(), 'reroute humming cense fresh pestling toileted thindown inertia jogging habus', 0, 1);
INSERT INTO spaces(name, created, description, locked, default_permission) VALUES	('ochry', SYSDATE(), 'peckers cheerios clergy detruded chivvies tour santir earings osmoles abusive', 0, 1);
INSERT INTO spaces(name, created, description, locked, default_permission) VALUES	('gundogs', SYSDATE(), 'laptops toothed neckwear whinging gloats fowled solon rummaged jaguars druthers', 0, 1);
INSERT INTO spaces(name, created, description, locked, default_permission) VALUES	('manioca', SYSDATE(), 'feedlots relaced eches hodaddy besiege breached heck jivey weighty hair', 0, 1);
INSERT INTO spaces(name, created, description, locked, default_permission) VALUES	('autoed', SYSDATE(), 'rev beweeps amplest suddenly dojo gouaches yills isling mesially stropped', 0, 1);
INSERT INTO spaces(name, created, description, locked, default_permission) VALUES	('hoboed', SYSDATE(), 'coppras thinks sassy tergites typy blending terpenic leadwork camphols mucosa', 0, 1);
INSERT INTO spaces(name, created, description, locked, default_permission) VALUES	('notebook', SYSDATE(), 'kirigami gelant accounts merge parrs centiles melt bravado flied nooklike', 0, 1);
INSERT INTO spaces(name, created, description, locked, default_permission) VALUES	('jow', SYSDATE(), 'geladas pendular peters hauls cuittled weest rockweed fetlocks hurdled felon', 0, 1);
INSERT INTO spaces(name, created, description, locked, default_permission) VALUES	('rototill', SYSDATE(), 'kettles tee ammonify zouaves boomkin trimeric turnery amusive slog doorsill', 0, 1);
INSERT INTO spaces(name, created, description, locked, default_permission) VALUES	('zoomorph', SYSDATE(), 'mailman laicized leeches tachiste parslied roe impones pegboard abash bathtubs', 0, 1);
INSERT INTO spaces(name, created, description, locked, default_permission) VALUES	('bromized', SYSDATE(), 'puds pliotron kobs yaups brazer beduins bambino cultus herded gamin', 0, 1);
INSERT INTO spaces(name, created, description, locked, default_permission) VALUES	('sputa', SYSDATE(), 'kipped subacute lustier underlip vizards psilotic asps matter devoured fastness', 0, 1);
INSERT INTO spaces(name, created, description, locked, default_permission) VALUES	('durums', SYSDATE(), 'mantles ports amassing firepan dirling nixing hexoses updived hyenic yardbird', 0, 1);
INSERT INTO spaces(name, created, description, locked, default_permission) VALUES	('reoccupy', SYSDATE(), 'amusers titman hetero mouches swanked impute toluene salpids copals reliant', 0, 1);
INSERT INTO spaces(name, created, description, locked, default_permission) VALUES	('enserfed', SYSDATE(), 'warp wallop mezcal hinted floatage unlead amok katas relights boomy', 0, 1);
INSERT INTO spaces(name, created, description, locked, default_permission) VALUES	('skate', SYSDATE(), 'borts platinic livetrap rhyming oboli innuendo knop deigns purslane peaveys', 0, 1);
INSERT INTO spaces(name, created, description, locked, default_permission) VALUES	('manager', SYSDATE(), 'hostly wauchts tushie violence primi subpar maiolica meshugge oxytocin seisings', 0, 1);
INSERT INTO spaces(name, created, description, locked, default_permission) VALUES	('tramway', SYSDATE(), 'midsoles mink abrasive tory numbats adjurors fishway chalets muggers wheedle', 0, 1);
INSERT INTO spaces(name, created, description, locked, default_permission) VALUES	('daunders', SYSDATE(), 'dayfly patriots vibronic impellor chelated coursed blends osmiums uprouses matador', 0, 1);
INSERT INTO spaces(name, created, description, locked, default_permission) VALUES	('ventured', SYSDATE(), 'coziest hotdogs subtle emeritus vittate mimeo defrocks ureteric culex lesbians', 0, 1);
INSERT INTO spaces(name, created, description, locked, default_permission) VALUES	('palpate', SYSDATE(), 'tuffets brassier chiller siganids selvas tangelo lacquers recheck sputa pandani', 0, 1);
INSERT INTO spaces(name, created, description, locked, default_permission) VALUES	('foxy', SYSDATE(), 'glaires watts resaid redbaits chiasmi skidding boogers endites giants bearable', 0, 1);
INSERT INTO spaces(name, created, description, locked, default_permission) VALUES	('diggings', SYSDATE(), 'luck censing signify wussier buzz anarchy bedazzle oxidised handless zonary', 0, 1);
INSERT INTO spaces(name, created, description, locked, default_permission) VALUES	('ambushes', SYSDATE(), 'improvs quackery twitches fetal affix revoking misgives suspects pocks deckles', 0, 1);
INSERT INTO spaces(name, created, description, locked, default_permission) VALUES	('venomed', SYSDATE(), 'gaudily airns cavies linkmen showable visits maligns students mitogens inhalers', 0, 1);
INSERT INTO spaces(name, created, description, locked, default_permission) VALUES	('redline', SYSDATE(), 'carafe sardanas imitator fantail palmate ballroom wether rebuilds incaging amtracs', 0, 1);
INSERT INTO spaces(name, created, description, locked, default_permission) VALUES	('exhorter', SYSDATE(), 'twinborn felling celestas sextet arced exsected sulfuret unai polled bawlers', 0, 1);
INSERT INTO spaces(name, created, description, locked, default_permission) VALUES	('partied', SYSDATE(), 'demitted resites needler swollen chacmas artwork yawl doubtful solanins kelped', 0, 1);
INSERT INTO spaces(name, created, description, locked, default_permission) VALUES	('copiers', SYSDATE(), 'rackety dioramas outfly wristier oxters erosive stacked legatee lucked subniche', 0, 1);
INSERT INTO spaces(name, created, description, locked, default_permission) VALUES	('gyves', SYSDATE(), 'provirus twyers felted scotopic fain falloff pooh firings dryers abbesses', 0, 1);
INSERT INTO spaces(name, created, description, locked, default_permission) VALUES	('unbloody', SYSDATE(), 'graft huntings marabout dimmest exemplum oven airsick redd cashaw cheep', 0, 1);
INSERT INTO spaces(name, created, description, locked, default_permission) VALUES	('prefaded', SYSDATE(), 'dogteeth tonnish seizable carter sudation saltish mandalic thou angulate reverse', 0, 1);
INSERT INTO spaces(name, created, description, locked, default_permission) VALUES	('fondus', SYSDATE(), 'toyshop eupnoea atomy ajowan hagglers midwifed conjugal proofing labors smallish', 0, 1);
INSERT INTO spaces(name, created, description, locked, default_permission) VALUES	('cuniform', SYSDATE(), 'swounds raider obesely droves bleaker aspire ewer tumbler subtonic quare', 0, 1);
INSERT INTO spaces(name, created, description, locked, default_permission) VALUES	('underpin', SYSDATE(), 'rom samurai eudaemon defiling muffin chaplet mitzvah weigh amreetas tache', 0, 1);
INSERT INTO spaces(name, created, description, locked, default_permission) VALUES	('linksmen', SYSDATE(), 'theistic oyez cuttage pinitols daysmen sulfurs revolves terrain spinless jotters', 0, 1);
INSERT INTO spaces(name, created, description, locked, default_permission) VALUES	('raiders', SYSDATE(), 'appeal spails cackle batt bobbies tallied perform sluices dugouts hogfish', 0, 1);
INSERT INTO spaces(name, created, description, locked, default_permission) VALUES	('grummest', SYSDATE(), 'feazed leukomas diadems flumped orchards curded eagers clink sfumatos tramell', 0, 1);
INSERT INTO spaces(name, created, description, locked, default_permission) VALUES	('rimy', SYSDATE(), 'ward purins malison drowning outer underpay dickered enginery equality kris', 0, 1);
INSERT INTO spaces(name, created, description, locked, default_permission) VALUES	('obligor', SYSDATE(), 'igniters hydrops hoosegow branning schmaltz erratics wrathed outbleat meth bonfires', 0, 1);
INSERT INTO spaces(name, created, description, locked, default_permission) VALUES	('kithara', SYSDATE(), 'unruled temp dells calliope beelines kitting soberize fewness verbify flaxes', 0, 1);
INSERT INTO spaces(name, created, description, locked, default_permission) VALUES	('haruspex', SYSDATE(), 'obtected conatus moussing goodby isle pretreat magnolia fa fussing canto', 0, 1);
INSERT INTO spaces(name, created, description, locked, default_permission) VALUES	('haeredes', SYSDATE(), 'buck erythron gasalier limacon neumatic defogs grainer distal aphelion hoorahs', 0, 1);
INSERT INTO spaces(name, created, description, locked, default_permission) VALUES	('bahadurs', SYSDATE(), 'stollens surveil peal fast flatcaps quenched vorlages doable confute pincheck', 0, 1);
INSERT INTO spaces(name, created, description, locked, default_permission) VALUES	('centrist', SYSDATE(), 'byname tastable gapers tiffins wienie oolith drawtube frazzle predawns dutchmen', 0, 1);
INSERT INTO spaces(name, created, description, locked, default_permission) VALUES	('vowers', SYSDATE(), 'stowps tmesis lacker deanship shams baryte trickled zombis tootles cottoned', 0, 1);
INSERT INTO spaces(name, created, description, locked, default_permission) VALUES	('housemen', SYSDATE(), 'blistery scut fly kudus whelping peculiar gists coffrets poppets magpie', 0, 1);
INSERT INTO spaces(name, created, description, locked, default_permission) VALUES	('stewing', SYSDATE(), 'bearlike picrate shover dragoon chimla pottery siliquae getaways eatable slave', 0, 1);
INSERT INTO spaces(name, created, description, locked, default_permission) VALUES	('cockpits', SYSDATE(), 'genomic unwarier qiviut reboil waxings panoptic carp carangid golder premolar', 0, 1);
INSERT INTO spaces(name, created, description, locked, default_permission) VALUES	('galipots', SYSDATE(), 'oilman have outgnawn cements ropeways gelati shauls tombac salols ethanol', 0, 1);
INSERT INTO spaces(name, created, description, locked, default_permission) VALUES	('aah', SYSDATE(), 'ripens postals illest anodized zlote friarly doling quashers rya putlogs', 0, 1);
INSERT INTO spaces(name, created, description, locked, default_permission) VALUES	('tend', SYSDATE(), 'leachers springed stella remorid solvency castoff cyclase sweller yukking heeled', 0, 1);
INSERT INTO spaces(name, created, description, locked, default_permission) VALUES	('awn', SYSDATE(), 'kantele budger lamellae dowager send flies drypoint lipoidal typebar kinked', 0, 1);
INSERT INTO spaces(name, created, description, locked, default_permission) VALUES	('hassle', SYSDATE(), 'philtre biotype jiggers garnets upraiser maidenly puttiers panzers floozies overlade', 0, 1);
INSERT INTO spaces(name, created, description, locked, default_permission) VALUES	('superior', SYSDATE(), 'warthogs oiling unseals botel dyings resodded lech spawners dialyzer outcried', 0, 1);
INSERT INTO spaces(name, created, description, locked, default_permission) VALUES	('chamises', SYSDATE(), 'lofter troika octal diabases hashhead saving talkable grandsir corundum stating', 0, 1);
INSERT INTO spaces(name, created, description, locked, default_permission) VALUES	('sticked', SYSDATE(), 'lugworm saltines deferrer years tribades toadless tsetses rotl seaborne ma', 0, 1);
INSERT INTO jobs (user_id, name, status, description) VALUES(13, 'lealties', 'Error', 'mammees antiking newsiest dinge screech trickly gigantic bedrivel');
INSERT INTO jobs (user_id, name, status, description) VALUES(23, 'shuffler', 'Running', 'deedier jeeing vanning clouter pardee allured outfired hogmanes');
INSERT INTO jobs (user_id, name, status, description) VALUES(40, 'misclass', 'Timeout', 'gnawing layerage wisses rapier realgar cyclists pangene kebbucks');
INSERT INTO jobs (user_id, name, status, description) VALUES(6, 'antilog', 'Timeout', 'sozzled fuci pome aluminum psyllium diking douching widener');
INSERT INTO jobs (user_id, name, status, description) VALUES(24, 'skeined', 'Timeout', 'bikes hasteful bedamn sukkot gabblers sparkles rand weenier');
INSERT INTO jobs (user_id, name, status, description) VALUES(31, 'depose', 'Finished', 'baronage cranch bemadam playlist ebonites brightly minted entreats');
INSERT INTO jobs (user_id, name, status, description) VALUES(35, 'choragic', 'Timeout', 'dossals yaffed relates manias senryu gaming bluebill squall');
INSERT INTO jobs (user_id, name, status, description) VALUES(4, 'panpipes', 'Timeout', 'oldster unhook crofter frypan shifters trebly higgle yeans');
INSERT INTO jobs (user_id, name, status, description) VALUES(24, 'fencer', 'Timeout', 'augural huzzaed biacetyl because strata stands nonfocal modioli');
INSERT INTO jobs (user_id, name, status, description) VALUES(32, 'regorges', 'Running', 'thaler stomper amphorae ducky paste ox cardias discolor');
INSERT INTO jobs (user_id, name, status, description) VALUES(48, 'doghouse', 'Finished', 'quickie nigger bend panders shawn termers yentes mallets');
INSERT INTO jobs (user_id, name, status, description) VALUES(46, 'thinning', 'Running', 'amaretti teed binit ironwork dull torture searobin maut');
INSERT INTO jobs (user_id, name, status, description) VALUES(1, 'isogram', 'Finished', 'tautonym revamped fucose dribbles operands shofar folkway bluegill');
INSERT INTO jobs (user_id, name, status, description) VALUES(44, 'petted', 'Running', 'abjure dean miltier blueness emeus overween functor unlace');
INSERT INTO jobs (user_id, name, status, description) VALUES(8, 'overfree', 'Timeout', 'sized berried pushdown martyrs jails polyenic ladron humors');
INSERT INTO jobs (user_id, name, status, description) VALUES(26, 'golfer', 'Enqueued', 'groin poppies moonier homeboy frills deprave reifiers feel');
INSERT INTO jobs (user_id, name, status, description) VALUES(21, 'nostrils', 'Error', 'dungier soldered coned typey wardship mesnalty darlings turbines');
INSERT INTO jobs (user_id, name, status, description) VALUES(1, 'blurted', 'Running', 'gorhens folds kissably cowflap noosers stupe pycnotic headword');
INSERT INTO jobs (user_id, name, status, description) VALUES(46, 'bioscope', 'Finished', 'wiggier skaters leveler meatloaf canulas wildcats pingers paseo');
INSERT INTO jobs (user_id, name, status, description) VALUES(2, 'tahr', 'Error', 'kibbes allover drifting outvoice ceruse distils sealable vole');
INSERT INTO jobs (user_id, name, status, description) VALUES(8, 'isthmic', 'Enqueued', 'reglazes levers twinight frays globing corncob austral enosises');
INSERT INTO jobs (user_id, name, status, description) VALUES(12, 'hogshead', 'Finished', 'sleet frizzers dawed rhamnose undouble loadstar acridest dilative');
INSERT INTO jobs (user_id, name, status, description) VALUES(46, 'equated', 'Finished', 'cudweed logans stoutens shawing gabbroid postman parkland shinneys');
INSERT INTO jobs (user_id, name, status, description) VALUES(35, 'overhaul', 'Finished', 'ovation miswrite sleeve hasteful martyr lacers chapped cockier');
INSERT INTO jobs (user_id, name, status, description) VALUES(1, 'fight', 'Enqueued', 'trample alluvia obey extubate unitage inhuman corulers tester');
INSERT INTO jobs (user_id, name, status, description) VALUES(27, 'exorable', 'Error', 'chequers thymes pitiers reseals whishts smidgens shack sunniest');
INSERT INTO jobs (user_id, name, status, description) VALUES(4, 'gul', 'Enqueued', 'weeder formless manhunt crankles crumbles drainage herein salicin');
INSERT INTO jobs (user_id, name, status, description) VALUES(47, 'paraffin', 'Timeout', 'brittle harumphs surplus oversew biennial twinkle modular talars');
INSERT INTO jobs (user_id, name, status, description) VALUES(1, 'majoring', 'Timeout', 'heads limbi worrits outglow selector shiplaps layups sangria');
INSERT INTO jobs (user_id, name, status, description) VALUES(10, 'reciters', 'Running', 'lace divines recks toughly sidings vittles hemp enroller');
INSERT INTO jobs (user_id, name, status, description) VALUES(30, 'rhetors', 'Error', 'tads fierier limbers behoof plaining rewarmed longtime modeller');
INSERT INTO jobs (user_id, name, status, description) VALUES(30, 'caloyers', 'Error', 'enamel untrusty bunko biz shibahs popped bartend yogees');
INSERT INTO jobs (user_id, name, status, description) VALUES(34, 'unclouds', 'Error', 'mell aeronaut redbait unstep pugilist twinier lagered mingy');
INSERT INTO jobs (user_id, name, status, description) VALUES(28, 'addend', 'Timeout', 'resod orpins pierrots kadi invading fetters durions breading');
INSERT INTO jobs (user_id, name, status, description) VALUES(17, 'halving', 'Timeout', 'skives sonny unbased horst tautens ravels tuateras dumpcart');
INSERT INTO jobs (user_id, name, status, description) VALUES(1, 'banking', 'Finished', 'prunuses tumbril produced cutely cubicle unblest guiros rudest');
INSERT INTO jobs (user_id, name, status, description) VALUES(5, 'navaid', 'Finished', 'impacts flaking hopsack paramour toed bunk issuance swobbed');
INSERT INTO jobs (user_id, name, status, description) VALUES(23, 'afflicts', 'Error', 'goony humorist sulfa trotters spying tallages winceys jawans');
INSERT INTO jobs (user_id, name, status, description) VALUES(39, 'saws', 'Enqueued', 'octaves precises fibres lumbar fedoras gnathite stooling ail');
INSERT INTO jobs (user_id, name, status, description) VALUES(2, 'eighths', 'Finished', 'herons cordobas signet flexes dangle animals oleums coempt');
INSERT INTO jobs (user_id, name, status, description) VALUES(16, 'welters', 'Running', 'bromo mezereon whir culm hellcat misentry drowner peal');
INSERT INTO jobs (user_id, name, status, description) VALUES(8, 'robbing', 'Timeout', 'sardonic talipes corbel instep pavillon imbecile spike unpaved');
INSERT INTO jobs (user_id, name, status, description) VALUES(36, 'manorial', 'Error', 'cadmic stitch atavisms tallows gimmicks pigweed brackets wobblier');
INSERT INTO jobs (user_id, name, status, description) VALUES(40, 'denarius', 'Enqueued', 'sorest fustians boldest reduce cults subpoena quiff billfish');
INSERT INTO jobs (user_id, name, status, description) VALUES(3, 'glossal', 'Timeout', 'wishes sewages towaway wowed timbres tret untoward kitling');
INSERT INTO jobs (user_id, name, status, description) VALUES(13, 'weirs', 'Timeout', 'livetrap wittily dandling right panetela ins candling oldsquaw');
INSERT INTO jobs (user_id, name, status, description) VALUES(34, 'lordomas', 'Running', 'egged sabin puggish harmine remodels collude offbeats grinding');
INSERT INTO jobs (user_id, name, status, description) VALUES(13, 'derbies', 'Error', 'clayish peridia hibernal orbitals cussword menaced clergies view');
INSERT INTO jobs (user_id, name, status, description) VALUES(29, 'caseose', 'Running', 'venoms eighties coroners hili enol headgear nacre chiasmas');
INSERT INTO jobs (user_id, name, status, description) VALUES(15, 'treadled', 'Running', 'raiment cop coppered mongos betels missions ferreted puttees');
INSERT INTO jobs (user_id, name, status, description) VALUES(22, 'tack', 'Finished', 'humate twinge dormer outpity avenged danish hemlock puna');
INSERT INTO jobs (user_id, name, status, description) VALUES(12, 'tingly', 'Timeout', 'maypoles codon tanyard informed kop drywall devoices upbye');
INSERT INTO jobs (user_id, name, status, description) VALUES(21, 'unifies', 'Running', 'burghal cubs nonelect bushel sirloin mirror kashers turpeths');
INSERT INTO jobs (user_id, name, status, description) VALUES(32, 'whinnied', 'Error', 'plumate prevised escallop ablegate gleeks gangway patter likeable');
INSERT INTO jobs (user_id, name, status, description) VALUES(7, 'aspics', 'Running', 'wencher sederunt habitans japed toluides spent boxer turps');
INSERT INTO jobs (user_id, name, status, description) VALUES(42, 'bezil', 'Running', 'sabred cultivar clamming vicing aspics deplumes degust tassel');
INSERT INTO jobs (user_id, name, status, description) VALUES(44, 'clupeid', 'Finished', 'shittims shied cagy slobber bandage weasons fracture biped');
INSERT INTO jobs (user_id, name, status, description) VALUES(19, 'outgiven', 'Error', 'brashier reinks chummy tramells footie oghams piper licenser');
INSERT INTO jobs (user_id, name, status, description) VALUES(30, 'quintile', 'Enqueued', 'ares concert quark alkyl gain personae fossil pastime');
INSERT INTO jobs (user_id, name, status, description) VALUES(10, 'riojas', 'Timeout', 'pavlova gigging gonad massedly missort seaters fisheye gien');
INSERT INTO jobs (user_id, name, status, description) VALUES(49, 'monteith', 'Error', 'levigate surnames fugleman solated simlin awoke chamade amtracks');
INSERT INTO jobs (user_id, name, status, description) VALUES(22, 'domicile', 'Finished', 'peplums neuroses spotters quoins creamery dewy pathetic bummers');
INSERT INTO jobs (user_id, name, status, description) VALUES(1, 'curculio', 'Finished', 'lins poesies gluten herries inflamer colicine zechins spurges');
INSERT INTO jobs (user_id, name, status, description) VALUES(13, 'lapidary', 'Enqueued', 'elmiest zags upshift kettles emissive coeliac coaxes rehems');
INSERT INTO jobs (user_id, name, status, description) VALUES(14, 'fluky', 'Running', 'tolerate gid taborine sneeshes snowman enwinds acquire dhurries');
INSERT INTO jobs (user_id, name, status, description) VALUES(1, 'peaceful', 'Error', 'moseyed palely custumal vernacle usury coelome doubters ameers');
INSERT INTO jobs (user_id, name, status, description) VALUES(42, 'walling', 'Running', 'prestos commies gaoler ukelele aliens stumbled revel iceman');
INSERT INTO jobs (user_id, name, status, description) VALUES(5, 'lobs', 'Enqueued', 'gaffer squiffy cunner wispy slave infaunae seawant reindeer');
INSERT INTO jobs (user_id, name, status, description) VALUES(33, 'sulfurs', 'Enqueued', 'odious exorcism forth haploses keck sovranly lunarian bemas');
INSERT INTO jobs (user_id, name, status, description) VALUES(14, 'radiated', 'Timeout', 'prex alumnus stirrer feezed troilite grumes stet seminar');
INSERT INTO jobs (user_id, name, status, description) VALUES(41, 'recoiler', 'Timeout', 'fungo fingers showing avulsion dotardly fenagled chippie oke');
INSERT INTO set_assoc VALUES (21, 26, 0, 1);
INSERT INTO set_assoc VALUES (41, 3, 0, 1);
INSERT INTO set_assoc VALUES (32, 22, 0, 1);
INSERT INTO set_assoc VALUES (2, 14, 0, 1);
INSERT INTO set_assoc VALUES (8, 8, 0, 1);
INSERT INTO set_assoc VALUES (17, 41, 0, 1);
INSERT INTO set_assoc VALUES (23, 25, 0, 1);
INSERT INTO set_assoc VALUES (31, 57, 0, 1);
INSERT INTO set_assoc VALUES (11, 54, 0, 1);
INSERT INTO set_assoc VALUES (10, 14, 0, 1);
INSERT INTO set_assoc VALUES (7, 22, 0, 1);
INSERT INTO set_assoc VALUES (10, 56, 0, 1);
INSERT INTO set_assoc VALUES (15, 42, 0, 1);
INSERT INTO set_assoc VALUES (23, 48, 0, 1);
INSERT INTO set_assoc VALUES (10, 27, 0, 1);
INSERT INTO set_assoc VALUES (29, 13, 0, 1);
INSERT INTO set_assoc VALUES (11, 59, 0, 1);
INSERT INTO set_assoc VALUES (26, 25, 0, 1);
INSERT INTO set_assoc VALUES (13, 17, 0, 1);
INSERT INTO set_assoc VALUES (39, 38, 0, 1);
INSERT INTO set_assoc VALUES (16, 50, 0, 1);
INSERT INTO set_assoc VALUES (16, 36, 0, 1);
INSERT INTO set_assoc VALUES (43, 40, 0, 1);
INSERT INTO set_assoc VALUES (12, 45, 0, 1);
INSERT INTO set_assoc VALUES (54, 12, 0, 1);
INSERT INTO set_assoc VALUES (58, 29, 0, 1);
INSERT INTO set_assoc VALUES (49, 15, 0, 1);
INSERT INTO set_assoc VALUES (4, 47, 0, 1);
INSERT INTO set_assoc VALUES (36, 5, 0, 1);
INSERT INTO set_assoc VALUES (45, 8, 0, 1);
INSERT INTO set_assoc VALUES (49, 9, 0, 1);
INSERT INTO set_assoc VALUES (39, 57, 0, 1);
INSERT INTO set_assoc VALUES (49, 32, 0, 1);
INSERT INTO set_assoc VALUES (37, 35, 0, 1);
INSERT INTO set_assoc VALUES (23, 16, 0, 1);
INSERT INTO set_assoc VALUES (15, 19, 0, 1);
INSERT INTO set_assoc VALUES (3, 56, 0, 1);
INSERT INTO set_assoc VALUES (14, 2, 0, 1);
INSERT INTO set_assoc VALUES (52, 37, 0, 1);
INSERT INTO set_assoc VALUES (27, 14, 0, 1);
INSERT INTO set_assoc VALUES (55, 28, 0, 1);
INSERT INTO set_assoc VALUES (59, 15, 0, 1);
INSERT INTO set_assoc VALUES (11, 21, 0, 1);
INSERT INTO set_assoc VALUES (26, 33, 0, 1);
INSERT INTO set_assoc VALUES (59, 8, 0, 1);
INSERT INTO set_assoc VALUES (46, 7, 0, 1);
INSERT INTO set_assoc VALUES (30, 17, 0, 1);
INSERT INTO set_assoc VALUES (49, 52, 0, 1);
INSERT INTO set_assoc VALUES (41, 5, 0, 1);
INSERT INTO set_assoc VALUES (22, 28, 0, 1);
INSERT INTO set_assoc VALUES (7, 24, 0, 1);
INSERT INTO set_assoc VALUES (36, 20, 0, 1);
INSERT INTO set_assoc VALUES (37, 44, 0, 1);
INSERT INTO set_assoc VALUES (9, 46, 0, 1);
INSERT INTO set_assoc VALUES (46, 28, 0, 1);
INSERT INTO set_assoc VALUES (1, 53, 0, 1);
INSERT INTO set_assoc VALUES (16, 34, 0, 1);
INSERT INTO set_assoc VALUES (26, 51, 0, 1);
INSERT INTO set_assoc VALUES (57, 42, 0, 1);
INSERT INTO set_assoc VALUES (22, 10, 0, 1);
INSERT INTO set_assoc VALUES (58, 39, 0, 1);
INSERT INTO set_assoc VALUES (4, 13, 0, 1);
INSERT INTO set_assoc VALUES (17, 59, 0, 1);
INSERT INTO set_assoc VALUES (9, 55, 0, 1);
INSERT INTO set_assoc VALUES (21, 58, 0, 1);
INSERT INTO set_assoc VALUES (6, 13, 0, 1);
INSERT INTO set_assoc VALUES (58, 30, 0, 1);
INSERT INTO set_assoc VALUES (29, 49, 0, 1);
INSERT INTO set_assoc VALUES (15, 34, 0, 1);
INSERT INTO set_assoc VALUES (18, 6, 0, 1);
INSERT INTO set_assoc VALUES (30, 24, 0, 1);
INSERT INTO set_assoc VALUES (31, 33, 0, 1);
INSERT INTO set_assoc VALUES (39, 31, 0, 1);
INSERT INTO set_assoc VALUES (48, 39, 0, 1);
INSERT INTO set_assoc VALUES (5, 53, 0, 1);
INSERT INTO set_assoc VALUES (27, 11, 0, 1);
INSERT INTO set_assoc VALUES (26, 4, 0, 1);
INSERT INTO set_assoc VALUES (56, 58, 0, 1);
INSERT INTO set_assoc VALUES (40, 51, 0, 1);
INSERT INTO set_assoc VALUES (23, 54, 0, 1);
INSERT INTO set_assoc VALUES (43, 23, 0, 1);
INSERT INTO set_assoc VALUES (45, 47, 0, 1);
INSERT INTO set_assoc VALUES (42, 44, 0, 1);
INSERT INTO set_assoc VALUES (51, 54, 0, 1);
INSERT INTO set_assoc VALUES (13, 25, 0, 1);
INSERT INTO set_assoc VALUES (23, 41, 0, 1);
INSERT INTO set_assoc VALUES (31, 19, 0, 1);
INSERT INTO set_assoc VALUES (21, 9, 0, 1);
INSERT INTO set_assoc VALUES (30, 43, 0, 1);
INSERT INTO set_assoc VALUES (20, 6, 0, 1);
INSERT INTO set_assoc VALUES (14, 49, 0, 1);
INSERT INTO set_assoc VALUES (54, 37, 0, 1);
INSERT INTO set_assoc VALUES (53, 12, 0, 1);
INSERT INTO set_assoc VALUES (20, 41, 0, 1);
INSERT INTO set_assoc VALUES (26, 48, 0, 1);
INSERT INTO set_assoc VALUES (3, 7, 0, 1);
INSERT INTO set_assoc VALUES (36, 43, 0, 1);
INSERT INTO set_assoc VALUES (25, 45, 0, 1);
INSERT INTO set_assoc VALUES (52, 18, 0, 1);
INSERT INTO set_assoc VALUES (17, 31, 0, 1);
INSERT INTO set_assoc VALUES (23, 39, 0, 1);
INSERT INTO set_assoc VALUES (55, 21, 0, 1);
INSERT INTO set_assoc VALUES (57, 10, 0, 1);
INSERT INTO set_assoc VALUES (51, 26, 0, 1);
INSERT INTO set_assoc VALUES (13, 2, 0, 1);
INSERT INTO set_assoc VALUES (13, 23, 0, 1);
INSERT INTO set_assoc VALUES (8, 29, 0, 1);
INSERT INTO set_assoc VALUES (45, 46, 0, 1);
INSERT INTO set_assoc VALUES (54, 42, 0, 1);
INSERT INTO set_assoc VALUES (3, 40, 0, 1);
INSERT INTO set_assoc VALUES (42, 16, 0, 1);
INSERT INTO set_assoc VALUES (8, 43, 0, 1);
INSERT INTO set_assoc VALUES (11, 33, 0, 1);
INSERT INTO set_assoc VALUES (30, 6, 0, 1);
INSERT INTO set_assoc VALUES (51, 51, 0, 1);
INSERT INTO set_assoc VALUES (23, 32, 0, 1);
INSERT INTO set_assoc VALUES (3, 52, 0, 1);
INSERT INTO bench_assoc VALUES (11, 6);
INSERT INTO bench_assoc VALUES (50, 3);
INSERT INTO bench_assoc VALUES (5, 7);
INSERT INTO bench_assoc VALUES (42, 8);
INSERT INTO bench_assoc VALUES (16, 1);
INSERT INTO bench_assoc VALUES (9, 4);
INSERT INTO bench_assoc VALUES (51, 2);
INSERT INTO bench_assoc VALUES (5, 5);
INSERT INTO solver_assoc VALUES (27, 5);
INSERT INTO solver_assoc VALUES (49, 18);
INSERT INTO solver_assoc VALUES (51, 25);
INSERT INTO solver_assoc VALUES (12, 10);
INSERT INTO solver_assoc VALUES (28, 23);
INSERT INTO solver_assoc VALUES (47, 28);
INSERT INTO solver_assoc VALUES (45, 17);
INSERT INTO solver_assoc VALUES (54, 16);
INSERT INTO solver_assoc VALUES (47, 3);
INSERT INTO solver_assoc VALUES (4, 32);
INSERT INTO solver_assoc VALUES (49, 30);
INSERT INTO solver_assoc VALUES (47, 2);
INSERT INTO solver_assoc VALUES (26, 4);
INSERT INTO solver_assoc VALUES (51, 14);
INSERT INTO solver_assoc VALUES (28, 20);
INSERT INTO solver_assoc VALUES (39, 26);
INSERT INTO solver_assoc VALUES (30, 27);
INSERT INTO solver_assoc VALUES (23, 34);
INSERT INTO solver_assoc VALUES (50, 29);
INSERT INTO solver_assoc VALUES (12, 19);
INSERT INTO solver_assoc VALUES (23, 24);
INSERT INTO solver_assoc VALUES (19, 6);
INSERT INTO solver_assoc VALUES (56, 22);
INSERT INTO solver_assoc VALUES (53, 21);
INSERT INTO solver_assoc VALUES (20, 9);
INSERT INTO solver_assoc VALUES (54, 1);
INSERT INTO solver_assoc VALUES (28, 7);
INSERT INTO solver_assoc VALUES (35, 11);
INSERT INTO solver_assoc VALUES (39, 8);
INSERT INTO solver_assoc VALUES (48, 13);
INSERT INTO solver_assoc VALUES (26, 31);
INSERT INTO solver_assoc VALUES (48, 33);
INSERT INTO solver_assoc VALUES (52, 15);
INSERT INTO solver_assoc VALUES (15, 12);
INSERT INTO user_assoc VALUES (2, 13, 1);
INSERT INTO user_assoc VALUES (27, 27, 1);
INSERT INTO user_assoc VALUES (6, 8, 1);
INSERT INTO user_assoc VALUES (55, 46, 1);
INSERT INTO user_assoc VALUES (4, 34, 1);
INSERT INTO user_assoc VALUES (24, 15, 1);
INSERT INTO user_assoc VALUES (51, 35, 1);
INSERT INTO user_assoc VALUES (3, 40, 1);
INSERT INTO user_assoc VALUES (19, 36, 1);
INSERT INTO user_assoc VALUES (29, 41, 1);
INSERT INTO user_assoc VALUES (6, 24, 1);
INSERT INTO user_assoc VALUES (32, 10, 1);
INSERT INTO user_assoc VALUES (53, 22, 1);
INSERT INTO user_assoc VALUES (40, 48, 1);
INSERT INTO user_assoc VALUES (48, 28, 1);
INSERT INTO user_assoc VALUES (24, 32, 1);
INSERT INTO user_assoc VALUES (7, 20, 1);
INSERT INTO user_assoc VALUES (9, 44, 1);
INSERT INTO user_assoc VALUES (49, 14, 1);
INSERT INTO user_assoc VALUES (48, 1, 1);
INSERT INTO user_assoc VALUES (16, 12, 1);
INSERT INTO user_assoc VALUES (12, 7, 1);
INSERT INTO user_assoc VALUES (43, 47, 1);
INSERT INTO user_assoc VALUES (43, 16, 1);
INSERT INTO user_assoc VALUES (29, 5, 1);
INSERT INTO user_assoc VALUES (36, 43, 1);
INSERT INTO user_assoc VALUES (5, 33, 1);
INSERT INTO user_assoc VALUES (46, 11, 1);
INSERT INTO user_assoc VALUES (18, 25, 1);
INSERT INTO user_assoc VALUES (6, 45, 1);
INSERT INTO user_assoc VALUES (45, 42, 1);
INSERT INTO user_assoc VALUES (3, 29, 1);
INSERT INTO user_assoc VALUES (31, 39, 1);
INSERT INTO user_assoc VALUES (23, 17, 1);
INSERT INTO user_assoc VALUES (44, 21, 1);
INSERT INTO user_assoc VALUES (18, 30, 1);
INSERT INTO user_assoc VALUES (16, 26, 1);
INSERT INTO user_assoc VALUES (47, 38, 1);
INSERT INTO user_assoc VALUES (18, 18, 1);
INSERT INTO user_assoc VALUES (47, 23, 1);
INSERT INTO user_assoc VALUES (29, 9, 1);
INSERT INTO user_assoc VALUES (49, 4, 1);
INSERT INTO user_assoc VALUES (8, 37, 1);
INSERT INTO user_assoc VALUES (28, 19, 1);
INSERT INTO user_assoc VALUES (33, 2, 1);
INSERT INTO user_assoc VALUES (6, 6, 1);
INSERT INTO user_assoc VALUES (52, 31, 1);
INSERT INTO user_assoc VALUES (57, 3, 1);
INSERT INTO job_assoc VALUES (14, 26);
INSERT INTO job_assoc VALUES (26, 13);
INSERT INTO job_assoc VALUES (47, 8);
INSERT INTO job_assoc VALUES (38, 12);
INSERT INTO job_assoc VALUES (31, 38);
INSERT INTO job_assoc VALUES (8, 30);
INSERT INTO job_assoc VALUES (26, 41);
INSERT INTO job_assoc VALUES (51, 40);
INSERT INTO job_assoc VALUES (5, 42);
INSERT INTO job_assoc VALUES (36, 10);
INSERT INTO job_assoc VALUES (28, 65);
INSERT INTO job_assoc VALUES (57, 11);
INSERT INTO job_assoc VALUES (22, 54);
INSERT INTO job_assoc VALUES (24, 1);
INSERT INTO job_assoc VALUES (14, 48);
INSERT INTO job_assoc VALUES (16, 36);
INSERT INTO job_assoc VALUES (8, 18);
INSERT INTO job_assoc VALUES (39, 23);
INSERT INTO job_assoc VALUES (35, 62);
INSERT INTO job_assoc VALUES (48, 29);
INSERT INTO job_assoc VALUES (4, 60);
INSERT INTO job_assoc VALUES (59, 17);
INSERT INTO job_assoc VALUES (47, 59);
INSERT INTO job_assoc VALUES (17, 5);
INSERT INTO job_assoc VALUES (57, 45);
INSERT INTO job_assoc VALUES (4, 63);
INSERT INTO job_assoc VALUES (6, 35);
INSERT INTO job_assoc VALUES (15, 66);
INSERT INTO job_assoc VALUES (25, 14);
INSERT INTO job_assoc VALUES (9, 4);
INSERT INTO job_assoc VALUES (3, 58);
INSERT INTO job_assoc VALUES (31, 25);
INSERT INTO job_assoc VALUES (50, 69);
INSERT INTO job_assoc VALUES (23, 31);
INSERT INTO job_assoc VALUES (49, 64);
INSERT INTO job_assoc VALUES (58, 34);
INSERT INTO job_assoc VALUES (27, 61);
INSERT INTO job_assoc VALUES (13, 39);
INSERT INTO job_assoc VALUES (31, 70);
INSERT INTO job_assoc VALUES (23, 6);
INSERT INTO job_assoc VALUES (49, 46);
INSERT INTO job_assoc VALUES (27, 20);
INSERT INTO job_assoc VALUES (39, 37);
INSERT INTO job_assoc VALUES (25, 55);
INSERT INTO job_assoc VALUES (41, 43);
INSERT INTO job_assoc VALUES (34, 15);
INSERT INTO job_assoc VALUES (29, 22);
INSERT INTO job_assoc VALUES (10, 49);
INSERT INTO job_assoc VALUES (13, 53);
INSERT INTO job_assoc VALUES (42, 21);
INSERT INTO job_assoc VALUES (46, 56);
INSERT INTO job_assoc VALUES (36, 3);
INSERT INTO job_assoc VALUES (15, 57);
INSERT INTO job_assoc VALUES (44, 2);
INSERT INTO job_assoc VALUES (35, 33);
INSERT INTO job_assoc VALUES (52, 19);
INSERT INTO job_assoc VALUES (46, 68);
INSERT INTO job_assoc VALUES (28, 52);
INSERT INTO job_assoc VALUES (18, 67);
INSERT INTO job_assoc VALUES (15, 9);
INSERT INTO job_assoc VALUES (35, 28);
INSERT INTO job_assoc VALUES (37, 24);
INSERT INTO job_assoc VALUES (33, 47);
INSERT INTO job_assoc VALUES (42, 7);
INSERT INTO job_assoc VALUES (30, 51);
INSERT INTO job_assoc VALUES (46, 44);
INSERT INTO job_assoc VALUES (40, 16);
INSERT INTO job_assoc VALUES (53, 32);
INSERT INTO job_assoc VALUES (58, 50);
INSERT INTO job_assoc VALUES (44, 27);
